Название,Цена,Изображение
Варочная панель Gorenje IK 640 CLI,62000 сом,/images/product/86784/1607681345_79853900.png
Духовка LG WSEZM-7225B1,43050 сом,/images/product/98816/1633320826_05165700.jpg
Холодильник Beko B5RCNK403ZXBR,49500 сом,/images/product/105472/1650260619_64824900.png
Электрогриль Gorenje GCG 2100 S,19000 сом,/images/product/121088/1684128405_55373200.jpg
Варочная панель Beko HIAW 64225 SB,16500 сом,/images/product/115457/1672034424_37954000.png
Холодильник LG GC-Q22FTBKL,200290 сом,/images/product/83714/1599641138_61651800.png
Швейная машина Чайка New wave 715,11010 сом,/images/product/37634/1659442952_66234600.png
Весы Vitek VT-8070 MC,2440 сом,/images/product/49922/1706835319_89079200.jpeg
Варочная панель Beko HIAW 64225 SW,14300 сом,/images/product/115458/1672034539_96973200.png
Плита GEFEST 5100-02 0004,30030 сом,/images/product/41219/41219.jpg
Миксер Vitek VT-1495,3070 сом,/images/product/106756/1653021072_69577700.jpeg
Электрочайник Vitek VT-7019ST,2890 сом,/images/product/62468/62468.jpeg
Электрочайник Rondell RDE-1002,7010 сом,/images/product/124422/1691036738_56947800.jpg
Микроволновая печь Samsung MG30T5018AK,20020 сом,/images/product/82951/1597832041_38307200.png
Пылесос Samsung VS15A6031R5,30030 сом,/images/product/97031/1630422878_31398200.png
Стиральная машина Beko WSPE7612A,30140 сом,/images/product/105479/1650277606_14501400.png
Холодильник Beko B5 RCNK 363 ZWB,46860 сом,/images/product/110599/1662452911_46544000.png
Кофемашина Delonghi ECAM610.55.SB,190260 сом,/images/product/121095/1684131356_68003100.png
Утюг Tefal FV9867E0,18020 сом,/images/product/121863/1686220857_19851400.png
Электрочайник Braun WK1500WH,6670 сом,/images/product/124423/1691037053_10441300.png
